"ID","Description","GeneRatio","BgRatio","RichFactor","FoldEnrichment","zScore","pvalue","p.adjust","qvalue","geneID","Count"
"GO:0098813","nuclear chromosome segregation","74/2317","317/18888",0.233438485804416,1.90297199821917,6.06256513013715,2.58398188038128e-08,8.53033563483558e-05,7.96804258381645e-05,"AGO4/AKAP8/ANAPC2/ANAPC7/ANKRD31/ARHGEF10/ATM/BCCIP/BCL7B/CDC6/CDK1/CDT1/CENPF/CEP192/CHMP1A/CHMP2A/CHMP2B/CHMP3/CHMP5/CLASP1/DPF2/DSN1/DYNC1H1/EML4/FBXO5/FLNA/GEN1/HASPIN/HNRNPU/HORMAD1/KIF2A/KIF3B/KLHL22/M1AP/MAD2L1/MAJIN/MLH1/MLH3/MND1/MSH4/MYBL2/NCAPH/NSMCE2/NUMA1/PCID2/RAD21/RAN/RCC2/RIOK2/RMDN1/RNF212/SIRT7/SKA1/SKA3/SMARCA4/SMARCA5/SMARCC1/SPATA22/SPC24/SPDL1/SPICE1/SPO11/STAG1/SUN1/SYCE2/TACC3/TENT4A/TEX15/TUBG1/TUBG2/VPS4B/WASHC5/ZCWPW1/ZWINT",74
"GO:0006302","double-strand break repair","73/2317","312/18888",0.233974358974359,1.90734039374523,6.04284688038068,2.89802467634978e-08,8.53033563483558e-05,7.96804258381645e-05,"ACTR8/AP5S1/APLF/ATM/BCL7B/CDC7/CSNK2A2/DDX11/DNA2/DPF2/FIGNL1/FUS/GEN1/H2AX/HMGA2/HSF1/HSF2BP/INTS3/KDM2A/KMT5C/LIG3/MAGEF1/MAJIN/MBTD1/MCM2/MCM4/MCM6/MCMDC2/MEAF6/MLH1/MMS22L/MRGBP/NABP2/NSMCE2/NSMCE3/NSMCE4A/OGG1/PALB2/PARP1/PARP2/PARP3/PIAS4/POLN/PPP4R2/PPP5C/PRKDC/RAD21/RAD21L1/RAD51AP1/RAD54B/RECQL4/RMI1/RPA1/SAMHD1/SENP3/SETMAR/SETX/SFR1/SIRT6/SLX4/SMARCA4/SMARCC1/SMC5/SMCHD1/SPO11/TDP2/TENT4A/TEX15/WAS/XRCC2/YEATS4/ZCWPW1/ZGRF1",73
"GO:0048285","organelle fission","102/2317","493/18888",0.206896551724138,1.68660425937226,5.77630617657211,5.77382568724405e-08,0.000113301706069352,0.000105833211895309,"AGO4/AKAP8/ANAPC7/ANKRD31/AP3B1/ARHGEF10/ATM/BCCIP/BNIP3/CDC25B/CDC25C/CDK1/CDT1/CENPF/CEP192/CHMP1A/CHMP2A/CHMP2B/CHMP3/CHMP5/CKS2/CLASP1/DAPK3/DMRT1/EML4/FBXO5/FBXW5/FIGNL1/FLNA/FZR1/GDAP1/GEN1/HASPIN/HNRNPU/HORMAD1/HSF2BP/ING2/KIF2A/KIF3B/KLHL22/M1AP/MAD2L1/MAJIN/MAPT/MEI1/MEIOSIN/MLH1/MLH3/MND1/MOV10L1/MSH4/MTFP1/MTFR1/MYBL2/NCAPH/NSMCE2/NUMA1/OPA1/PCID2/PGAM5/PINK1/PKMYT1/PPP2R2D/PRKN/PSMA8/RAD21/RAD51AP1/RAD54B/RAN/RCC1/REEP3/RMDN1/RMI1/RNF212/RPL10L/SIRT7/SKA1/SKA3/SLC25A31/SLX4/SMARCA5/SPAST/SPATA22/SPC24/SPDL1/SPICE1/SPO11/STAG1/SUN1/SYCE2/TENT4A/TEX15/TMCC1/TMEM135/TUBG1/TUBG2/UBE2S/VPS4B/WASHC5/ZCWPW1/ZNF541/ZWINT",102
"GO:0022613","ribonucleoprotein complex biogenesis","102/2317","499/18888",0.204408817635271,1.66632444863832,5.64062351275479,1.07998120850599e-07,0.000158946234361869,0.000148468995611455,"AATF/AFG2B/AGO2/AGO4/ATM/BOP1/BYSL/C1orf131/CDC73/CELF4/CHD7/DDX10/DDX3X/DDX42/DDX52/DHX37/DKC1/EIF2A/EIF2D/EIF2S2/EIF2S3/EIF3K/EIF5B/ESF1/EXOSC1/EXOSC2/EXOSC5/EXOSC8/FASTKD2/FBL/GEMIN2/GTF2H5/GTF3A/HEATR1/HEATR3/HSP90AA1/KRI1/LSM2/LSM4/LTO1/LUC7L/LUC7L2/MAK16/MPHOSPH10/MTERF4/MYBBP1A/NAT10/NOA1/NOB1/NOC4L/NOL7/NOLC1/NOP2/NOP56/PAK1IP1/POP7/PRKDC/PTBP2/PTGES3/RAN/RBFA/RBMX2/RIOK2/RPL10A/RPL10L/RPL13A/RPL5/RPLP0/RPP38/RPP40/RPS15/RPS16/RPS23/RPSA2/RPUSD1/RRP1/RRP12/RRP1B/RRP7A/RRP9/RSL1D1/SART1/SART3/SETX/SF3A2/SIRT7/SRPK1/SRSF1/SRSF12/SRSF6/STRAP/TFB1M/TRMT112/TSR3/TSSC4/U2AF2/URB2/USP36/UTP18/UTP20/WDR18/WDR43",102
"GO:0042254","ribosome biogenesis","72/2317","319/18888",0.225705329153605,1.83993191931519,5.65737956697965,1.65137427661791e-07,0.000192875362255791,0.000180161621489679,"AATF/AFG2B/BOP1/BYSL/C1orf131/CHD7/DDX10/DDX3X/DDX52/DHX37/DKC1/EIF2A/EIF5B/ESF1/EXOSC1/EXOSC2/EXOSC5/EXOSC8/FASTKD2/FBL/GTF2H5/GTF3A/HEATR1/HEATR3/KRI1/LTO1/MAK16/MPHOSPH10/MTERF4/MYBBP1A/NAT10/NOA1/NOB1/NOC4L/NOL7/NOLC1/NOP2/NOP56/PAK1IP1/POP7/PRKDC/RAN/RBFA/RIOK2/RPL10A/RPL10L/RPL5/RPLP0/RPP38/RPP40/RPS15/RPS16/RPS23/RPSA2/RPUSD1/RRP1/RRP12/RRP1B/RRP7A/RRP9/RSL1D1/SART1/SIRT7/TFB1M/TRMT112/TSR3/URB2/USP36/UTP18/UTP20/WDR18/WDR43",72
"GO:0010824","regulation of centrosome duplication","20/2317","47/18888",0.425531914893617,3.4689023774323,6.3368148855667,1.96577573218065e-07,0.000192875362255791,0.000180161621489679,"CCNF/CENATAC/CEP120/CEP295/CHMP1A/CHMP2A/CHMP2B/CHMP3/CHMP5/CHORDC1/FBXW5/GEN1/MDM1/NAT10/NUBP1/PDCD6IP/PLK4/SPICE1/TRIM37/VPS4B",20
"GO:0034470","ncRNA processing","90/2317","433/18888",0.207852193995381,1.69439457927698,5.46592154436108,2.78829909343597e-07,0.000234495953757965,0.000219038713746008,"ADAT3/AGO2/AGO4/BOP1/BYSL/CHD7/DDX10/DDX52/DHX37/DKC1/ELAC1/ELP1/ELP6/ESF1/EXOSC1/EXOSC2/EXOSC5/EXOSC8/FAM98A/FBL/FTSJ1/GTF2H5/HEATR1/HSD17B10/INTS11/INTS2/INTS3/INTS5/INTS7/KRI1/LAGE3/MAK16/MOV10L1/MPHOSPH10/MTERF4/MTFMT/NAT10/NOB1/NOC4L/NOL7/NOLC1/NOP2/NOP56/NSUN2/NUP155/POP1/POP7/PRKDC/PUS3/PUSL1/RBFA/RIOK2/RPL10A/RPL5/RPP38/RPP40/RPS15/RPS16/RPUSD1/RRP1/RRP12/RRP1B/RRP7A/RRP9/RSL1D1/RTCB/SARS1/SART1/SIRT7/SMAD2/SRRT/TARBP1/TDRD7/TFB1M/TRIM71/TRIT1/TRMO/TRMT11/TRMT112/TRMT2A/TSEN2/TSEN54/TSR3/USP36/UTP18/UTP20/WDR18/WDR43/YRDC/ZC3H7A",90
"GO:0006310","DNA recombination","74/2317","339/18888",0.218289085545723,1.77947529037014,5.41517005291328,4.50027013386358e-07,0.000331163628475687,0.000309334357622413,"ACTR8/ANKRD31/AP5S1/APEX2/APLF/ATM/BCL11B/CDC7/DCAF1/ENDOG/FIGNL1/FUS/GEN1/H1-2/H1-5/H2AX/HSF2BP/INO80E/INTS3/KIN/KMT5C/LEF1/LIG3/MAGEF1/MAJIN/MBTD1/MCM2/MCM4/MCM6/MCMDC2/MEAF6/MLH1/MLH3/MMS22L/MND1/MRGBP/MSH4/NABP2/NSMCE2/NSMCE3/NSMCE4A/PALB2/PARP1/PARP3/PAXIP1/PIAS4/PMS2/POLN/PPP4R2/PRKDC/RAD21/RAD21L1/RAD51AP1/RAD54B/RECQL4/RMI1/RNF212/RPA1/SAMHD1/SANBR/SENP3/SETX/SFR1/SIRT6/SLX4/SMC5/SMCHD1/SPO11/TEX15/WAS/XRCC2/YEATS4/ZCWPW1/ZGRF1",74
"GO:0016072","rRNA metabolic process","61/2317","266/18888",0.229323308270677,1.86942539776286,5.3398631646128,8.04891165968529e-07,0.000483626403113333,0.000451747262901139,"BOP1/BYSL/CHD7/DDX10/DDX11/DDX52/DEDD2/DHX37/DKC1/ESF1/EXOSC1/EXOSC2/EXOSC5/EXOSC8/FBL/GTF2H5/GTF3A/GTF3C1/HEATR1/KRI1/MAK16/MAPT/MPHOSPH10/MTERF4/NAT10/NOB1/NOC4L/NOL7/NOLC1/NOP2/NOP56/POLR2E/POP7/PRKDC/RBFA/RIOK2/RPL10A/RPL5/RPP38/RPP40/RPS15/RPS16/RPUSD1/RRP1/RRP12/RRP1B/RRP7A/RRP9/RSL1D1/SART1/SIRT7/SMARCA4/SPIN1/TFB1M/TRMT112/TSR3/USP36/UTP18/UTP20/WDR18/WDR43",61
"GO:0000725","recombinational repair","46/2317","181/18888",0.25414364640884,2.0717588232068,5.41756873640089,9.05080608577966e-07,0.000483626403113333,0.000451747262901139,"AP5S1/ATM/CDC7/FIGNL1/FUS/GEN1/H2AX/INTS3/LIG3/MAGEF1/MBTD1/MCM2/MCM4/MCM6/MCMDC2/MEAF6/MMS22L/MRGBP/NABP2/NSMCE2/NSMCE3/NSMCE4A/PALB2/PARP1/PIAS4/POLN/PPP4R2/RAD21/RAD21L1/RAD51AP1/RAD54B/RECQL4/RMI1/RPA1/SAMHD1/SENP3/SFR1/SIRT6/SLX4/SMC5/SMCHD1/TEX15/WAS/XRCC2/YEATS4/ZGRF1",46
"GO:0000724","double-strand break repair via homologous recombination","45/2317","176/18888",0.255681818181818,2.08429787734924,5.40399558444355,9.89173341847945e-07,0.000483626403113333,0.000451747262901139,"AP5S1/ATM/CDC7/FIGNL1/FUS/GEN1/H2AX/INTS3/LIG3/MAGEF1/MBTD1/MCM2/MCM4/MCM6/MCMDC2/MEAF6/MMS22L/MRGBP/NABP2/NSMCE2/NSMCE3/NSMCE4A/PALB2/PARP1/PIAS4/POLN/PPP4R2/RAD21/RAD21L1/RAD51AP1/RAD54B/RECQL4/RMI1/RPA1/SAMHD1/SENP3/SFR1/SIRT6/SLX4/SMC5/SMCHD1/TEX15/WAS/XRCC2/YEATS4",45
"GO:0006261","DNA-templated DNA replication","42/2317","160/18888",0.2625,2.13987915407855,5.41431165603639,1.06537956324477e-06,0.000483626403113333,0.000451747262901139,"BOD1L1/CAMSAP3/CDC34/CDC6/CDC7/CDT1/CHRAC1/CHTF8/DDX11/DNA2/DNAJA3/ENDOG/FBXO5/GEN1/GMNN/HMGA1/KAT7/LIG3/LRWD1/MCM2/MCM4/MCM6/MMS22L/ORC6/PARP1/PCNA/POLA2/POLD3/POLG2/POLN/POLRMT/PRIM1/RECQL4/RFC3/RPA1/SAMHD1/SETMAR/TWNK/UPF1/WDHD1/WDR18/WRNIP1",42
"GO:0000280","nuclear division","90/2317","446/18888",0.201793721973094,1.64500639647294,5.15463110860253,1.06797065406376e-06,0.000483626403113333,0.000451747262901139,"AGO4/AKAP8/ANAPC7/ANKRD31/ARHGEF10/ATM/BCCIP/CDC25B/CDC25C/CDK1/CDT1/CENPF/CEP192/CHMP1A/CHMP2A/CHMP2B/CHMP3/CHMP5/CKS2/CLASP1/DAPK3/DMRT1/EML4/FBXO5/FBXW5/FIGNL1/FLNA/FZR1/GEN1/HASPIN/HNRNPU/HORMAD1/HSF2BP/ING2/KIF2A/KIF3B/KLHL22/M1AP/MAD2L1/MAJIN/MEI1/MEIOSIN/MLH1/MLH3/MND1/MOV10L1/MSH4/MYBL2/NCAPH/NSMCE2/NUMA1/PCID2/PKMYT1/PPP2R2D/PSMA8/RAD21/RAD51AP1/RAD54B/RAN/RCC1/REEP3/RMDN1/RMI1/RNF212/RPL10L/SIRT7/SKA1/SKA3/SLC25A31/SLX4/SMARCA5/SPAST/SPATA22/SPC24/SPDL1/SPICE1/SPO11/STAG1/SUN1/SYCE2/TENT4A/TEX15/TUBG1/TUBG2/UBE2S/VPS4B/WASHC5/ZCWPW1/ZNF541/ZWINT",90
"GO:0007059","chromosome segregation","86/2317","423/18888",0.203309692671395,1.65736446921765,5.11295420247965,1.3378895679363e-06,0.000562582563317214,0.000525498879917235,"AGO4/AKAP8/ANAPC2/ANAPC7/ANKRD31/ARHGEF10/ATM/BCCIP/BCL7B/CDC6/CDK1/CDT1/CENATAC/CENPF/CENPO/CEP192/CHMP1A/CHMP2A/CHMP2B/CHMP3/CHMP5/CLASP1/CSNK2A2/DDX3X/DPF2/DSN1/DYNC1H1/EML4/FBXO5/FLNA/GEN1/HASPIN/HNRNPU/HORMAD1/KIF2A/KIF3B/KLHL22/M1AP/MAD2L1/MAJIN/MAPRE3/MIS18A/MLH1/MLH3/MND1/MSH4/MYBL2/NCAPH/NSMCE2/NUMA1/PCID2/RAD21/RAD21L1/RAN/RCC1/RCC2/RIOK2/RMDN1/RNF212/SIRT7/SKA1/SKA3/SMARCA4/SMARCA5/SMARCC1/SMC5/SPATA22/SPC24/SPDL1/SPICE1/SPO11/SRPK1/STAG1/SUN1/SYCE2/TACC3/TENT4A/TEX15/TOP1/TUBG1/TUBG2/TUBGCP3/VPS4B/WASHC5/ZCWPW1/ZWINT",86
"GO:0006364","rRNA processing","53/2317","224/18888",0.236607142857143,1.92880263888033,5.22895898487508,1.53148184061555e-06,0.00058934296888825,0.000550495323231781,"BOP1/BYSL/CHD7/DDX10/DDX52/DHX37/DKC1/ESF1/EXOSC1/EXOSC2/EXOSC5/EXOSC8/FBL/GTF2H5/HEATR1/KRI1/MAK16/MPHOSPH10/MTERF4/NAT10/NOB1/NOC4L/NOL7/NOLC1/NOP2/NOP56/POP7/PRKDC/RBFA/RIOK2/RPL10A/RPL5/RPP38/RPP40/RPS15/RPS16/RPUSD1/RRP1/RRP12/RRP1B/RRP7A/RRP9/RSL1D1/SART1/SIRT7/TFB1M/TRMT112/TSR3/USP36/UTP18/UTP20/WDR18/WDR43",53
"GO:0051298","centrosome duplication","25/2317","75/18888",0.333333333333333,2.71730686232197,5.57210969698138,1.6017474948551e-06,0.00058934296888825,0.000550495323231781,"ARHGEF10/C2CD3/CCNF/CENATAC/CEP120/CEP192/CEP295/CEP72/CHMP1A/CHMP2A/CHMP2B/CHMP3/CHMP5/CHORDC1/CNTROB/FBXW5/GEN1/MDM1/NAT10/NUBP1/PDCD6IP/PLK4/SPICE1/TRIM37/VPS4B",25
"GO:0046605","regulation of centrosome cycle","20/2317","54/18888",0.37037037037037,3.01922984702441,5.55624646945175,2.75415584050631e-06,0.000940311329106519,0.000878328946608934,"CCNF/CENATAC/CEP120/CEP295/CHMP1A/CHMP2A/CHMP2B/CHMP3/CHMP5/CHORDC1/FBXW5/GEN1/MDM1/NAT10/NUBP1/PDCD6IP/PLK4/SPICE1/TRIM37/VPS4B",20
"GO:0000819","sister chromatid segregation","53/2317","229/18888",0.231441048034935,1.88668904414495,5.04795005863284,3.09889140875094e-06,0.000940311329106519,0.000878328946608934,"AKAP8/ANAPC2/ANAPC7/ARHGEF10/ATM/BCCIP/BCL7B/CDC6/CDK1/CDT1/CENPF/CEP192/CHMP1A/CHMP2A/CHMP2B/CHMP3/CHMP5/CLASP1/DPF2/EML4/FBXO5/FLNA/GEN1/HASPIN/HNRNPU/KIF2A/KIF3B/KLHL22/MAD2L1/MYBL2/NCAPH/NSMCE2/NUMA1/PCID2/RAD21/RAN/RIOK2/RMDN1/SKA1/SKA3/SMARCA4/SMARCA5/SMARCC1/SPC24/SPDL1/SPICE1/STAG1/TACC3/TENT4A/TUBG1/TUBG2/VPS4B/ZWINT",53
"GO:0007098","centrosome cycle","37/2317","139/18888",0.266187050359712,2.16993569581107,5.1766700623262,3.19453483644138e-06,0.000940311329106519,0.000878328946608934,"ARHGEF10/C2CD3/CCDC102B/CCNF/CDK1/CENATAC/CEP120/CEP192/CEP250/CEP295/CEP72/CHMP1A/CHMP2A/CHMP2B/CHMP3/CHMP5/CHORDC1/CNTLN/CNTROB/DCTN1/FBXW5/GEN1/KIF3A/KIF3B/MDM1/NAT10/NUBP1/PARD6A/PARD6B/PARD6G/PDCD6IP/PLK4/SDCCAG8/SPICE1/TRIM37/VPS4B/XRCC2",37
"GO:0061982","meiosis I cell cycle process","37/2317","139/18888",0.266187050359712,2.16993569581107,5.1766700623262,3.19453483644138e-06,0.000940311329106519,0.000878328946608934,"AGO4/ANKRD31/ATM/CDC25B/CDC25C/CKS2/DMRT1/FBXO5/HORMAD1/HSF2BP/ING2/M1AP/MAJIN/MEI1/MLH1/MLH3/MND1/MOV10L1/MSH4/PKMYT1/PSMA8/RAD21/RAD51AP1/RAD54B/RMI1/RNF212/RPL10L/SIRT7/SLC25A31/SLX4/SPATA22/SPO11/SUN1/SYCE2/TEX15/ZCWPW1/ZWINT",37
"GO:0006260","DNA replication","61/2317","278/18888",0.219424460431655,1.78873077627669,4.95391039729022,3.75266664304113e-06,0.00105199754893253,0.0009826531600625,"ACTR8/ADRA2A/BOD1L1/CAMSAP3/CDC34/CDC6/CDC7/CDK1/CDT1/CHRAC1/CHTF8/DDX11/DNA2/DNAJA3/DTL/ENDOG/ESCO1/FBXO5/GEN1/GMNN/HMGA1/ING5/INO80E/KAT7/KIN/LIG3/LRWD1/MCM2/MCM4/MCM6/MEAF6/MMS22L/ORC6/PARP1/PCNA/POLA2/POLD3/POLG2/POLH/POLN/POLRMT/PPP2CA/PRIM1/RBBP7/RECQL4/REV1/RFC3/RMI1/RPA1/SAMHD1/SETMAR/SLX4/SMARCA5/TOP1/TOP1MT/TWNK/UPF1/USP37/WDHD1/WDR18/WRNIP1",61
"GO:0007127","meiosis I","35/2317","131/18888",0.267175572519084,2.17799404995272,5.05902940680056,5.32608505431891e-06,0.0014252119415807,0.00133126642697426,"AGO4/ANKRD31/ATM/CDC25B/CKS2/DMRT1/FBXO5/HORMAD1/HSF2BP/ING2/M1AP/MAJIN/MEI1/MLH1/MLH3/MND1/MOV10L1/MSH4/PSMA8/RAD21/RAD51AP1/RAD54B/RMI1/RNF212/RPL10L/SIRT7/SLC25A31/SLX4/SPATA22/SPO11/SUN1/SYCE2/TEX15/ZCWPW1/ZWINT",35
"GO:0000070","mitotic sister chromatid segregation","45/2317","188/18888",0.23936170212766,1.95125758730567,4.90147061720217,6.63815804430693e-06,0.00169907984377543,0.00158708181343064,"AKAP8/ANAPC7/ARHGEF10/ATM/BCCIP/CDK1/CDT1/CENPF/CEP192/CHMP1A/CHMP2A/CHMP2B/CHMP3/CHMP5/CLASP1/EML4/FBXO5/FLNA/GEN1/HASPIN/HNRNPU/KIF2A/KIF3B/KLHL22/MAD2L1/MYBL2/NCAPH/NSMCE2/NUMA1/PCID2/RAD21/RAN/RMDN1/SKA1/SKA3/SMARCA5/SPC24/SPDL1/SPICE1/STAG1/TENT4A/TUBG1/TUBG2/VPS4B/ZWINT",45
"GO:0034728","nucleosome organization","36/2317","138/18888",0.260869565217391,2.1265879792085,4.96677136407965,7.09691863127208e-06,0.00174081499926245,0.00162606591797216,"BRD2/CABIN1/CHD1/CHRAC1/H1-2/H1-5/H2AC25/H2AX/H2BC10/H2BC11/H2BC13/H2BC17/H2BC21/H2BC4/H2BC8/H3C12/H3C14/H3C15/H3C8/H4C14/H4C15/HMGA1/MCM2/SART3/SMARCA4/SMARCA5/SMARCC1/SMYD3/SPTY2D1/TSPY1/TSPY10/TSPY2/TSPY3/TSPY4/TSPY8/TSPY9",36
"GO:0031023","microtubule organizing center organization","38/2317","152/18888",0.25,2.03798014674148,4.80443752569534,1.17078027631375e-05,0.00275695339466363,0.00257522364777391,"ARHGEF10/C2CD3/CCDC102B/CCNF/CDK1/CENATAC/CEP120/CEP192/CEP250/CEP295/CEP72/CHMP1A/CHMP2A/CHMP2B/CHMP3/CHMP5/CHORDC1/CLASP1/CNTLN/CNTROB/DCTN1/FBXW5/GEN1/KIF3A/KIF3B/MDM1/NAT10/NUBP1/PARD6A/PARD6B/PARD6G/PDCD6IP/PLK4/SDCCAG8/SPICE1/TRIM37/VPS4B/XRCC2",38
"GO:0044772","mitotic cell cycle phase transition","86/2317","451/18888",0.190687361419069,1.55446822722631,4.45645942010209,1.8330804706745e-05,0.00415051720417723,0.00387692808858445,"ACVR1B/ANAPC2/ANAPC7/ATM/BCL7B/CACNB4/CASP2/CCND3/CCNF/CCNH/CCNI/CCNP/CDC25B/CDC25C/CDC34/CDC6/CDC7/CDC73/CDK1/CDK2AP2/CDKN2A/CENPF/CHMP2A/CKS2/CLASP1/CPSF3/CTDSPL/DDX3X/DPF2/DTL/EZH2/FBXO31/FBXO5/FBXO7/FOXO4/FZR1/GEN1/GSPT1/GTSE1/HASPIN/ID2/INTS3/KANK2/KHDRBS1/KLHL22/MAD2L1/MEPCE/MTA3/NABP2/NSMCE2/PABIR1/PCID2/PIAS1/PKMYT1/PLK3/PLRG1/PPM1D/PPP2CA/PPP2R2D/PRKDC/PRMT2/RAD21/RCC1/RCC2/RIOK2/SMARCA4/SMARCC1/SMC5/SPAST/SPC24/SPDL1/TACC3/TAOK1/TAOK2/TFDP1/TMOD3/TPRA1/TRIAP1/TRIM39/TRIM71/UBE2S/USP37/VPS4B/WNT10B/ZFYVE19/ZWINT",86
"GO:0090151","establishment of protein localization to mitochondrial membrane","14/2317","34/18888",0.411764705882353,3.35667318286831,5.14288976370628,2.12283332873952e-05,0.00462856289121835,0.00432346249876618,"AP3B1/COX18/HSP90AA1/MOAP1/MTCH2/NDUFA13/OXA1L/PDCD5/ROMO1/TIMM13/TIMM29/TIMM8B/TOMM20/TOMM7",14
"GO:0010506","regulation of autophagy","71/2317","357/18888",0.198879551820728,1.62125031281395,4.43120098670562,2.34819963998437e-05,0.00493708974306713,0.00461165222529261,"ADRA1A/ADRB2/ATM/ATP13A2/ATP6V0D1/ATP6V1B2/ATP6V1D/ATP6V1E2/ATP6V1G1/BAD/BAG3/BNIP3/CAPNS1/CDK5R1/CISD1/CISD2/CPTP/CSNK2A2/DAPK3/DDIT3/DRAM2/EEF1A2/ENDOG/EXOC7/EXOC8/FBXO7/FOXK1/FOXK2/FOXO1/FOXO3/GPR137/IL10RA/KLHL22/MAPT/MFSD8/MOAP1/MTDH/NOD2/NPRL2/NPRL3/NRBP2/PHF23/PIK3CB/PINK1/PLK3/PRKN/PSAP/RAB3GAP2/RAB8A/RIPK2/RNF41/RNF5/ROCK1/RRAGD/SLC25A4/SNRNP70/SNX32/SNX4/SNX6/STUB1/SUPT5H/TBC1D25/TBK1/TPCN2/TRIM32/UBQLN1/USP10/USP36/VHL/VPS13C/VPS26B",71
"GO:0006334","nucleosome assembly","31/2317","118/18888",0.26271186440678,2.14160625589782,4.65152496033829,2.5748353216264e-05,0.00522691570290159,0.00488237376412933,"BRD2/CABIN1/CHRAC1/H1-2/H1-5/H2AX/H2BC10/H2BC11/H2BC13/H2BC17/H2BC21/H2BC4/H2BC8/H3C12/H3C14/H3C15/H3C8/H4C14/H4C15/MCM2/SART3/SMARCA5/SMYD3/SPTY2D1/TSPY1/TSPY10/TSPY2/TSPY3/TSPY4/TSPY8/TSPY9",31
"GO:0030705","cytoskeleton-dependent intracellular transport","45/2317","200/18888",0.225,1.83418213206733,4.43470378628962,3.51116642914213e-05,0.00689007892278657,0.00643590646520649,"ACTN4/AP3B1/APBA1/BAG3/BLOC1S3/BORCS8/CALY/CAMSAP3/CCDC88C/COPG1/DST/DYNC1H1/DYNC2I1/DYNLL1/DYNLT2B/FUZ/HNRNPU/HOOK1/HOOK3/IFT140/IFT25/IFT27/IFT81/KIF1B/KIF1C/KIF3A/KIF3B/KIF5B/KXD1/LAMP1/LCA5L/MAPK8IP3/MAPT/MYO10/MYO5B/NEFL/OPA1/SPAST/SPG7/SSNA1/SUN1/TANC2/TMEM108/TRAF3IP1/WDR35",45
"GO:0072655","establishment of protein localization to mitochondrion","31/2317","120/18888",0.258333333333333,2.10591281829953,4.54435934526402,3.66878796244564e-05,0.00696714668868305,0.00650789416496299,"AP3B1/BAP1/CHCHD4/COX18/CSNK2A2/DDIT3/FBXO7/GDAP1/GRPEL1/GRPEL2/HSP90AA1/MAPT/MOAP1/MTCH2/MTERF4/NDUFA13/OXA1L/PDCD5/PINK1/PRKN/ROMO1/TIMM13/TIMM21/TIMM29/TIMM8B/TOMM20/TOMM34/TOMM7/UBE2D3/UBL5/USP36",31
"GO:0000956","nuclear-transcribed mRNA catabolic process","32/2317","126/18888",0.253968253968254,2.07032903795959,4.50747330260775,3.98552610356483e-05,0.00733212255365193,0.00684881196217852,"AGO2/ATM/CNOT1/CNOT4/CNOT9/CTIF/DCPS/DHX34/EXOSC2/EXOSC5/EXOSC8/GSPT1/HNRNPAB/HNRNPU/LSM4/LSM7/MLH1/NBAS/PAN2/PAN3/PATL1/PDE12/PNRC1/SKIC2/SKIC3/SMG6/SMG9/TENT2/TENT4A/TNRC6C/UPF1/UPF2",32
"GO:0032886","regulation of microtubule-based process","54/2317","258/18888",0.209302325581395,1.70621593680682,4.27081822924642,5.23939657661867e-05,0.00934676595350125,0.00873065636882167,"APC2/CALY/CAMSAP1/CAMSAP3/CCNF/CDK2AP2/CDK5R1/CENATAC/CEP120/CEP295/CHMP1A/CHMP2A/CHMP2B/CHMP3/CHMP5/CHORDC1/CLASP1/DCTN1/DYNC1H1/DYNLT2B/EFNA5/FBXW5/FKBP4/FSD1/GBA2/GEN1/HNRNPU/LAMP1/MAPRE3/MAPT/MDM1/NAT10/NUBP1/NUMA1/ODAD2/PARP3/PDCD6IP/PLK4/RAC1/RAE1/ROCK1/SKA1/SKA3/SPAST/SPICE1/STMN3/TACC3/TAOK1/TPPP/TRAF3IP1/TRIM37/TTBK2/TTLL6/VPS4B",54
"GO:0007006","mitochondrial membrane organization","30/2317","117/18888",0.256410256410256,2.09023604793998,4.42323396726404,5.65442177238999e-05,0.00979046499237055,0.00914510815447842,"AFG3L2/AP3B1/BAD/BNIP3/CNP/COX18/HSP90AA1/IMMT/LETM1/MICOS13/MOAP1/MTCH2/NDUFA13/OMA1/OPA1/OXA1L/PDCD5/PINK1/ROMO1/RTL10/SLC25A31/SLC25A4/SLC35F6/SPG7/TIMM13/TIMM29/TIMM8B/TMEM14A/TOMM20/TOMM7",30
"GO:0033108","mitochondrial respiratory chain complex assembly","27/2317","101/18888",0.267326732673267,2.17922629552554,4.44323488873014,6.01797968865019e-05,0.0101222418363096,0.00945501530631837,"ACAD9/CHCHD4/COA5/COX17/COX18/FASTKD3/NDUFA11/NDUFA12/NDUFA13/NDUFA3/NDUFA8/NDUFA9/NDUFAF5/NDUFB10/NDUFB11/NDUFB4/NDUFB7/NDUFS7/OMA1/OXA1L/SDHAF3/SDHAF4/TFAM/TIMM21/UQCC1/UQCC6/UQCRFS1",27
"GO:0071168","protein localization to chromatin","19/2317","60/18888",0.316666666666667,2.58144151920587,4.58771906406131,6.23341630312638e-05,0.0101933671601403,0.00952145227120825,"APLF/BRD2/BRD3/CENPA/EZH2/H1-5/H2AC8/H2BC11/H4C14/H4C15/LEF1/LRWD1/MMS22L/PARP1/PIAS4/PPHLN1/RAD21/SIRT6/VCPIP1",19
"GO:1902115","regulation of organelle assembly","48/2317","223/18888",0.2152466367713,1.75467348957114,4.23904158486833,6.46350027505798e-05,0.0102839530052071,0.00960606698062671,"ARHGAP35/ARHGEF5/CBLN1/CEP120/CEP295/CHMP1A/CHMP2A/CHMP2B/CHMP3/CHMP5/CNOT1/CNTROB/CRIPT/DYNC1H1/DYNLL1/DYNLT2B/EPHB2/FUZ/G3BP2/GAP43/HNRNPU/IFT140/LCP1/LRFN1/MDM1/MOAP1/NUMA1/PAN2/PAN3/PDCD6IP/PHF23/PINK1/PLK4/RAB1B/RAB3GAP2/RNF5/SDCCAG8/SNX4/SPICE1/SPTBN2/TBC1D12/TBC1D7/TRIM32/TRIM37/USP10/VPS4B/WDR44/ZMYND10",48
"GO:0006354","DNA-templated transcription elongation","33/2317","135/18888",0.244444444444444,1.99269169903611,4.32828695892639,6.90369089568496e-05,0.0105565072962802,0.00986065534509897,"CCNK/CDC73/CTR9/EAPP/ELOB/ELOF1/EZH2/GTF2F2/GTF2H5/HMGN1/HNRNPU/INTS11/INTS2/INTS3/INTS5/INTS7/KAT7/LDB1/MED15/MED20/MED25/MED4/NELFA/NELFCD/PARP1/PCID2/POLR2E/POLR2I/SART3/SIRT6/SUPT5H/VHL/WDR43",33
"GO:0016236","macroautophagy","67/2317","343/18888",0.19533527696793,1.59235766567556,4.1398804757576,6.9934395202128e-05,0.0105565072962802,0.00986065534509897,"ADRB2/ATG4B/ATG7/ATM/ATP13A2/ATP6V0D1/ATP6V1B2/ATP6V1D/ATP6V1E2/ATP6V1G1/BAG3/BNIP3/CAPNS1/CDK5R1/CHMP1A/CHMP2A/CHMP2B/CHMP3/CHMP5/CSNK2A2/EMC6/EPHB2/EXOC7/EXOC8/FBXO7/GAA/LRBA/MFSD8/MOAP1/NOD2/NRBP2/PDCD6IP/PGAM5/PHF23/PINK1/PRKN/RAB1B/RAB3GAP2/RETREG1/RIPK2/RNF41/RNF5/SLC25A4/SMURF1/SNX32/SNX4/SNX6/STUB1/STX12/STX17/SUPT5H/TBC1D12/TBC1D25/TBK1/TOMM7/UBQLN1/USP36/VPS13C/VPS16/VPS26B/VPS28/VPS37C/VPS4B/VTA1/VTI1B/WDR45B/WIPI2",67
"GO:0042274","ribosomal small subunit biogenesis","27/2317","103/18888",0.262135922330097,2.13691122182601,4.32623109235944,8.67999466848894e-05,0.0124408160386097,0.0116207563472946,"AATF/BYSL/C1orf131/DDX52/DHX37/FBL/GTF2H5/HEATR1/KRI1/MPHOSPH10/NAT10/NOB1/NOL7/NOP56/PRKDC/RIOK2/RPP40/RPS15/RPS16/RPS23/RPSA2/RRP7A/RRP9/TSR3/UTP18/UTP20/WDR43",27
"GO:0010639","negative regulation of organelle organization","70/2317","365/18888",0.191780821917808,1.56338203037702,4.06409553027868,8.83525289662997e-05,0.0124408160386097,0.0116207563472946,"ANKRD27/APC2/ARAP1/ARHGAP28/ATM/BNIP3/CAPG/CAPZA1/CCNF/CENATAC/CENPF/CLASP1/DMRT1/FBXO5/FKBP4/GEN1/HASPIN/HNRNPA1/HNRNPU/HORMAD1/INPP5K/KANK2/KLHL22/MAD2L1/MAPT/MDM1/MTPN/NAT10/NUBP1/OMA1/OPA1/PARP1/PCID2/PFN1/PFN4/PHF23/PINK1/PRELID1/PRKN/RAD21/RHPN1/RHPN2/RNF41/SETMAR/SLC25A31/SLC25A4/SLC35F6/SLX4/SMARCA5/SMG6/SPC24/SPDL1/SPTAN1/SPTBN2/SSH1/SSH2/SVIL/TAOK1/TBC1D7/TMEM14A/TMOD3/TNKS2/TRIAP1/TRIM32/TRIM37/TTBK2/USP10/WAS/WDR44/ZWINT",70
"GO:0006513","protein monoubiquitination","16/2317","47/18888",0.340425531914894,2.77512190194584,4.55612137392189,8.87573082421619e-05,0.0124408160386097,0.0116207563472946,"DTL/ITCH/KLHL22/PRKN/RBX1/RNF126/SKP1/STUB1/TRIM37/TRIM41/UBE2D3/UBE2O/UBE2R2/UBE2T/UBE3D/ZC4H2",16
"GO:0006399","tRNA metabolic process","44/2317","202/18888",0.217821782178218,1.77566587042822,4.14440647566322,9.56386946527884e-05,0.0130936045446736,0.0122305150762832,"AARSD1/ADAT3/CARS2/CTAG1A/CTAG1B/CTAG2/ELAC1/ELP1/ELP6/EXOSC2/EXOSC8/FAM98A/FARSB/FTSJ1/GATC/GTF3C1/HSD17B10/IARS2/LAGE3/MARS2/MTFMT/NAT10/NSUN2/PARS2/POLR2E/POP1/POP7/PUS3/PUSL1/RARS1/RPP38/RPP40/RTCB/SARS1/TARBP1/TRIT1/TRMO/TRMT11/TRMT112/TRMT2A/TSEN2/TSEN54/VARS2/YRDC",44
"GO:0061952","midbody abscission","9/2317","18/18888",0.5,4.07596029348295,4.88203822921077,0.000106259032156729,0.0140892522412965,0.0131605327900965,"CEP55/CHMP1A/CHMP2A/CHMP2B/CHMP3/CHMP5/MITD1/PDCD6IP/VPS4B",9
"GO:0000075","cell cycle checkpoint signaling","42/2317","191/18888",0.219895287958115,1.79256892488255,4.11659278441036,0.000109034187606881,0.0140892522412965,0.0131605327900965,"ATM/CAMSAP3/CASP2/CDC5L/CDC6/CDK1/CDT1/CENPF/CLOCK/CRY1/DNA2/DTL/FBXO31/FOXO4/FZR1/GEN1/GNB1L/GTSE1/H2AX/HASPIN/HORMAD1/INTS3/INTS7/KLHL22/MAD2L1/NABP2/NSUN2/PABIR1/PCID2/PLK3/PRKDC/RAD9A/SETMAR/SPC24/SPDL1/TAOK1/TAOK2/TELO2/TRIAP1/TRIM39/ZFYVE19/ZWINT",42
"GO:0010948","negative regulation of cell cycle process","62/2317","316/18888",0.19620253164557,1.59942745693635,4.01810225055849,0.000112296365872185,0.0140892522412965,0.0131605327900965,"ATM/CACNB4/CAMSAP3/CASP2/CCNF/CDC5L/CDC6/CDC73/CDK1/CDK2AP2/CDT1/CENATAC/CENPF/CHMP2A/CLOCK/CRY1/CTDSPL/DMRT1/DNA2/DTL/EZH2/FBXO31/FBXO5/FBXO7/FOXO4/FZR1/GEN1/GNB1L/GTSE1/H2AX/HASPIN/HORMAD1/INTS3/INTS7/KANK2/KLHL22/MAD2L1/MDM1/NABP2/NSUN2/NUBP1/PABIR1/PCID2/PKMYT1/PLK3/PRKDC/PRMT2/RAD21/RAD9A/SETMAR/SMARCA5/SPC24/SPDL1/TAOK1/TAOK2/TELO2/TPRA1/TRIAP1/TRIM37/TRIM39/ZFYVE19/ZWINT",62
"GO:0070585","protein localization to mitochondrion","31/2317","127/18888",0.244094488188976,1.98983888343262,4.18512589887233,0.000116157134081007,0.0140892522412965,0.0131605327900965,"AP3B1/BAP1/CHCHD4/COX18/CSNK2A2/DDIT3/FBXO7/GDAP1/GRPEL1/GRPEL2/HSP90AA1/MAPT/MOAP1/MTCH2/MTERF4/NDUFA13/OXA1L/PDCD5/PINK1/PRKN/ROMO1/TIMM13/TIMM21/TIMM29/TIMM8B/TOMM20/TOMM34/TOMM7/UBE2D3/UBL5/USP36",31
"GO:0090329","regulation of DNA-templated DNA replication","16/2317","48/18888",0.333333333333333,2.71730686232197,4.45449240933344,0.000118096799892278,0.0140892522412965,0.0131605327900965,"CAMSAP3/CDC7/CDT1/CHTF8/ENDOG/FBXO5/GMNN/KAT7/LIG3/MCM2/MCM4/MCM6/PCNA/POLG2/RFC3/WRNIP1",16
"GO:0051321","meiotic cell cycle","58/2317","291/18888",0.199312714776632,1.62478142283169,4.01627373538259,0.000118336766299248,0.0140892522412965,0.0131605327900965,"AGO4/ANAPC2/ANAPC7/ANKRD31/ATM/CDC25B/CDC25C/CKS2/DMRT1/FAM9A/FBXO5/FIGNL1/FZR1/H2AX/HORMAD1/HSF2BP/ING2/M1AP/MAJIN/MCMDC2/MEI1/MEIOSIN/MLH1/MLH3/MND1/MOV10L1/MSH4/NCAPH/NSUN2/NUMA1/PKMYT1/PPP2CA/PSMA8/RAD21/RAD21L1/RAD51AP1/RAD54B/RMI1/RNF212/RPA1/RPL10L/SIRT7/SLC25A31/SLX4/SPATA22/SPIN1/SPO11/SUN1/SYCE2/TEX15/TUBG1/TUBG2/TUBGCP3/WASHC5/XRCC2/ZCWPW1/ZNF541/ZWINT",58
"GO:0006368","transcription elongation by RNA polymerase II","29/2317","116/18888",0.25,2.03798014674148,4.19307776730304,0.000121326938347985,0.0140892522412965,0.0131605327900965,"CCNK/CDC73/CTR9/EAPP/ELOB/ELOF1/EZH2/GTF2F2/HNRNPU/INTS11/INTS2/INTS3/INTS5/INTS7/LDB1/MED15/MED20/MED25/MED4/NELFA/NELFCD/PARP1/PCID2/POLR2I/SART3/SIRT6/SUPT5H/VHL/WDR43",29
"GO:0032925","regulation of activin receptor signaling pathway","11/2317","26/18888",0.423076923076923,3.44888947910096,4.67231524749434,0.000122057391592683,0.0140892522412965,0.0131605327900965,"ACVR1B/ACVR2A/DMRT1/FKBP1A/FST/MAGI2/NOMO1/NOMO3/SMAD7/SMURF1/ZC3H3",11
"GO:1901987","regulation of cell cycle phase transition","83/2317","455/18888",0.182417582417582,1.48705364553444,3.93237234785883,0.000125503556250394,0.0142084506855013,0.0132718740455882,"ANAPC7/ATM/BCL7B/CACNB4/CAMSAP3/CASP2/CCND3/CCNH/CDC25B/CDC25C/CDC5L/CDC6/CDC7/CDC73/CDK1/CDK2AP2/CDKN2A/CDT1/CENPF/CLOCK/CPSF3/CRY1/CTDSPL/DDX3X/DNA2/DPF2/DTL/EZH2/FBXO31/FBXO5/FBXO7/FOXO4/FZR1/GEN1/GNB1L/GTSE1/H2AX/HASPIN/HORMAD1/ID2/INTS3/INTS7/KANK2/KLHL22/MAD2L1/MEPCE/MTA3/NABP2/NSMCE2/NSUN2/PABIR1/PAXIP1/PCID2/PKMYT1/PLK3/PLRG1/PPP2CA/PRKDC/PRMT2/RAD21/RAD9A/RCC2/RIOK2/SETMAR/SIX3/SMARCA4/SMARCC1/SPC24/SPDL1/STXBP4/TAOK1/TAOK2/TBX2/TELO2/TFDP1/TMOD3/TPRA1/TRIAP1/TRIM39/VPS4B/WNT10B/ZFYVE19/ZWINT",83
"GO:0050684","regulation of mRNA processing","32/2317","134/18888",0.238805970149254,1.94672730435007,4.1124487091703,0.000141307440581053,0.0156957906169936,0.0146611731796509,"CDC73/CDK11A/CDK11B/CELF4/DAZAP1/EIF1/FMR1/HDAC7/HNRNPA1/HNRNPU/KHDRBS1/KHDRBS3/NOVA1/PCBP4/QKI/RBM15B/RBM23/RBM42/SAFB/SAP18/SLTM/SNRNP70/SNW1/SRPK1/SRSF12/SRSF2/SRSF6/TIA1/TRA2A/U2AF2/UPF1/ZC3H14",32
"GO:1903046","meiotic cell cycle process","46/2317","218/18888",0.211009174311927,1.72013003211207,3.99886883450551,0.000148615698085121,0.0162018632338353,0.0151338870720598,"AGO4/ANKRD31/ATM/CDC25B/CDC25C/CKS2/DMRT1/FBXO5/FIGNL1/FZR1/HORMAD1/HSF2BP/ING2/M1AP/MAJIN/MEI1/MEIOSIN/MLH1/MLH3/MND1/MOV10L1/MSH4/NCAPH/NSUN2/PKMYT1/PSMA8/RAD21/RAD51AP1/RAD54B/RMI1/RNF212/RPL10L/SIRT7/SLC25A31/SLX4/SPATA22/SPO11/SUN1/SYCE2/TEX15/TUBG1/TUBG2/WASHC5/ZCWPW1/ZNF541/ZWINT",46
"GO:0032259","methylation","53/2317","262/18888",0.202290076335878,1.64905263782135,3.95586000677238,0.000154144831751019,0.0164991022639682,0.0154115330347813,"ARID4A/ATPSCKMT/BEND3/BHMT2/BMT2/CMTR1/COQ3/DNMT1/EEF1AKMT1/EHMT1/EOMES/EZH1/EZH2/FAM98A/FBL/FTSJ1/GAMT/GATAD2A/GSPT1/HSD17B10/ICMT/KMT2C/KMT5C/MBD1/MBD3/MEPCE/METTL22/MIS18A/N6AMT1/NDUFAF5/NNMT/NOP2/NSUN2/PARP1/PCIF1/PPM1D/PRDM16/PRDM4/PRMT2/PRMT3/RBM15B/SETD3/SETMAR/SMARCA5/SMCHD1/SMYD3/SUV39H2/TARBP1/TFB1M/TRMO/TRMT11/TRMT112/TRMT2A",53
"GO:0048193","Golgi vesicle transport","58/2317","294/18888",0.197278911564626,1.6082020205579,3.93011500322229,0.000157781090040219,0.016586737090478,0.0154933912475584,"ATP9A/ATP9B/BET1L/CCDC93/COG1/COG2/COG6/COPB1/COPB2/COPG1/CORO7/DOP1A/EXOC8/GAK/GOLGA4/KDELR2/KDELR3/KIF1C/LAMP1/LLGL1/LYPLA1/NAPG/NBAS/NKD2/NSF/PHAF1/PREB/RAB10/RAB1B/RAB31/RAB6B/RAB8A/RABEP1/RABIF/RBSN/RNF139/SCAMP2/SEC16A/SEC24C/SNAP23/SPAST/STX17/TBC1D20/TEX261/TMED3/TMED4/TMEM115/TRAPPC1/TRAPPC11/TRAPPC3/USO1/VAMP3/VAPA/VAPB/VPS13C/VTI1B/YIF1A/YIPF7",58
"GO:0045786","negative regulation of cell cycle","75/2317","405/18888",0.185185185185185,1.5096149235122,3.87662297766563,0.000160953787496053,0.0166234201226187,0.0155276562489267,"ATM/BMP2/BTG1/CACNB4/CAMSAP3/CASP2/CCNF/CDC5L/CDC6/CDC73/CDK1/CDK2AP2/CDKN2A/CDT1/CEBPA/CENATAC/CENPF/CHMP2A/CLOCK/CRY1/CTDSPL/DMRT1/DNA2/DTL/EZH2/FBXO31/FBXO5/FBXO7/FOXC1/FOXO4/FZD3/FZR1/GEN1/GMNN/GNB1L/GTSE1/H2AX/HASPIN/HECA/HORMAD1/INCA1/INTS3/INTS7/KANK2/KLHL22/MAD2L1/MDM1/NABP2/NSUN2/NUBP1/PABIR1/PCID2/PKMYT1/PLK3/PRKDC/PRMT2/RAD21/RAD9A/RNF167/SETMAR/SMARCA5/SPC24/SPDL1/TAOK1/TAOK2/TELO2/THAP5/TP53BP2/TPRA1/TRIAP1/TRIM37/TRIM39/ZBTB17/ZFYVE19/ZWINT",75
"GO:0031122","cytoplasmic microtubule organization","18/2317","59/18888",0.305084745762712,2.48702661975231,4.2776108192123,0.000164855920384371,0.0167328759190136,0.0156298970614874,"CCDC88C/CEP120/CLASP1/CRIPT/DYNC1H1/FSD1/HOOK1/HOOK3/KATNA1/MAPT/NUMA1/PLK3/SLK/STMN3/TPPP/TUBG1/TUBG2/TUBGCP3",18
"GO:0034502","protein localization to chromosome","30/2317","124/18888",0.241935483870968,1.9722388516853,4.06154482619555,0.000175866688712681,0.0175479185839246,0.0163912146625342,"APLF/BRD2/BRD3/CDK1/CENPA/DKC1/EZH2/H1-5/H2AC8/H2BC11/H4C14/H4C15/HASPIN/LEF1/LRWD1/MMS22L/NABP2/PARP1/PARP3/PIAS4/PPHLN1/RAD21/RCC2/RPA1/SIRT6/SMC5/SPDL1/SPO11/TNKS2/VCPIP1",30
"GO:0036503","ERAD pathway","28/2317","113/18888",0.247787610619469,2.01994492420394,4.06626911932333,0.000185308238076424,0.0180205350696262,0.0168326777473519,"ANKZF1/CANX/CLGN/DERL2/DNAJB9/EDEM1/EDEM2/EDEM3/HM13/MAN1B1/NFE2L2/NGLY1/PRKN/RNF139/RNF5/RNFT1/SEC61B/SGTA/STT3B/STUB1/TMX1/UBAC2/UBE2G2/UBE4A/UBQLN1/UBXN4/UBXN8/USP14",28
"GO:0045333","cellular respiration","50/2317","245/18888",0.204081632653061,1.6636572626461,3.90966136094461,0.000186725435577917,0.0180205350696262,0.0168326777473519,"ACLY/ACO2/ACTN3/AIFM2/ATP5F1C/ATP5F1D/ATP5ME/ATP5MG/ATP5PO/ATPSCKMT/BNIP3/CDK1/CHCHD4/CISD1/COQ10B/COX6C/COX8C/ETFB/IDH3G/ISCU/MDH2/MTFR1/MYBBP1A/NDUFA11/NDUFA12/NDUFA13/NDUFA3/NDUFA8/NDUFA9/NDUFB10/NDUFB11/NDUFB4/NDUFB7/NDUFS7/NR4A3/OGDHL/OXA1L/PINK1/PRDM16/PRELID1/SDHA/SDHAF4/SDHD/SLC25A12/TMEM135/TRAP1/UQCR10/UQCR11/UQCRB/UQCRFS1",50
"GO:0090150","establishment of protein localization to membrane","55/2317","277/18888",0.1985559566787,1.61861239091381,3.87832136880268,0.000193782358110402,0.0181078847967609,0.016914269653613,"AKAP5/AKT2/AP3B1/CDK5R1/CLSTN1/COX18/EMC10/EMC6/FRMPD1/GOLGA4/GRIN3B/GRIP1/HSP90AA1/ICMT/INPP5K/ITGB1BP1/ITGB2/LYPLA1/MOAP1/MTCH2/NDUFA13/NOMO1/NOMO2/NOMO3/NSF/OXA1L/PARD3/PDCD5/PHAF1/RAB10/RAB31/RAB3GAP2/RAB3IP/RAB5IF/RAB8A/RILPL1/ROMO1/SEC61B/SGTA/SIL1/SRP14/SRP68/TAOK2/TIMM13/TIMM29/TIMM8B/TOMM20/TOMM7/TRAM2/VAMP3/VPS37C/ZDHHC11B/ZDHHC12/ZDHHC14/ZDHHC9",55
"GO:0140014","mitotic nuclear division","55/2317","277/18888",0.1985559566787,1.61861239091381,3.87832136880268,0.000193782358110402,0.0181078847967609,0.016914269653613,"AKAP8/ANAPC7/ARHGEF10/ATM/BCCIP/CDC25C/CDK1/CDT1/CENPF/CEP192/CHMP1A/CHMP2A/CHMP2B/CHMP3/CHMP5/CLASP1/DAPK3/DMRT1/EML4/FBXO5/FBXW5/FLNA/GEN1/HASPIN/HNRNPU/KIF2A/KIF3B/KLHL22/MAD2L1/MYBL2/NCAPH/NSMCE2/NUMA1/PCID2/PKMYT1/PPP2R2D/RAD21/RAN/RCC1/REEP3/RMDN1/SKA1/SKA3/SMARCA5/SPAST/SPC24/SPDL1/SPICE1/STAG1/TENT4A/TUBG1/TUBG2/UBE2S/VPS4B/ZWINT",55
"GO:0010970","transport along microtubule","38/2317","172/18888",0.22093023255814,1.80100571107386,3.94605801670136,0.000204402564032051,0.0188018421008857,0.0175624834622275,"AP3B1/APBA1/BAG3/BLOC1S3/BORCS8/CALY/CAMSAP3/COPG1/DST/DYNC1H1/DYNC2I1/DYNLL1/DYNLT2B/FUZ/HNRNPU/IFT140/IFT25/IFT27/IFT81/KIF1B/KIF1C/KIF3A/KIF3B/KIF5B/KXD1/LAMP1/LCA5L/MAPK8IP3/MAPT/NEFL/OPA1/SPAST/SPG7/SSNA1/SUN1/TMEM108/TRAF3IP1/WDR35",38
"GO:0007052","mitotic spindle organization","31/2317","131/18888",0.236641221374046,1.92908044424384,3.9900416210944,0.000212240596994877,0.0192224676078283,0.0179553826510322,"ARHGEF10/BCCIP/CEP192/CHMP1A/CHMP2A/CHMP2B/CHMP3/CHMP5/CLASP1/DCTN1/DYNC1H1/FLNA/FSD1/HNRNPU/KIF2A/KIF3B/MYBL2/NUMA1/PARP3/PLK3/RAE1/RAN/RCC1/RMDN1/SPAST/SPICE1/STAG1/TACC3/TUBG1/TUBG2/VPS4B",31
"GO:1901988","negative regulation of cell cycle phase transition","54/2317","273/18888",0.197802197802198,1.61246780841084,3.81156401887676,0.000243459037567451,0.0217158083963574,0.0202843702113615,"ATM/CACNB4/CAMSAP3/CASP2/CDC5L/CDC6/CDC73/CDK1/CDK2AP2/CDT1/CENPF/CLOCK/CRY1/CTDSPL/DNA2/DTL/EZH2/FBXO31/FBXO5/FBXO7/FOXO4/FZR1/GEN1/GNB1L/GTSE1/H2AX/HASPIN/HORMAD1/INTS3/INTS7/KANK2/KLHL22/MAD2L1/NABP2/NSUN2/PABIR1/PCID2/PKMYT1/PLK3/PRKDC/PRMT2/RAD21/RAD9A/SETMAR/SPC24/SPDL1/TAOK1/TAOK2/TELO2/TPRA1/TRIAP1/TRIM39/ZFYVE19/ZWINT",54
"GO:0015980","energy derivation by oxidation of organic compounds","64/2317","338/18888",0.189349112426035,1.54355892770952,3.77053672169214,0.000250862494537506,0.0220422015722731,0.0205892485697397,"ACLY/ACO2/ACTN3/AIFM2/AKT2/ATP5F1C/ATP5F1D/ATP5ME/ATP5MG/ATP5PO/ATPSCKMT/BNIP3/CDK1/CHCHD4/CISD1/COQ10B/COX6C/COX8C/EPM2AIP1/ETFB/GAA/IDH3G/INPP5K/IRS1/ISCU/KHK/MDH2/MRAP2/MTFR1/MYBBP1A/NDUFA11/NDUFA12/NDUFA13/NDUFA3/NDUFA8/NDUFA9/NDUFB10/NDUFB11/NDUFB4/NDUFB7/NDUFS7/NHLRC1/NR1D1/NR4A3/OGDHL/OXA1L/PHKB/PINK1/PPP1CB/PPP1R3D/PRDM16/PRELID1/PTGES3/PYGB/SDHA/SDHAF4/SDHD/SLC25A12/TMEM135/TRAP1/UQCR10/UQCR11/UQCRB/UQCRFS1",64
"GO:0070936","protein K48-linked ubiquitination","22/2317","82/18888",0.268292682926829,2.18710064528354,4.02824985155196,0.000264939626407958,0.0229367585391713,0.021424839138625,"CDC34/FBXO45/FBXO7/ITCH/PPIA/PRKN/RBX1/RNF126/RNF216/RNF5/SKP1/TCF25/TRIM32/TTC3/UBE2D3/UBE2D4/UBE2G1/UBE2G2/UBE2K/UBE2Q2/UBE2R2/UBE2T",22
"GO:0006270","DNA replication initiation","13/2317","37/18888",0.351351351351351,2.86418831433937,4.24417805036868,0.00028125701870259,0.0239965227406108,0.0224147469977472,"CDC34/CDC6/CDT1/GMNN/KAT7/LRWD1/MCM2/MCM4/MCM6/ORC6/POLA2/PRIM1/WRNIP1",13
"GO:0060236","regulation of mitotic spindle organization","14/2317","42/18888",0.333333333333333,2.71730686232197,4.1661327628008,0.0003111304462518,0.0261660705297764,0.0244412849807429,"CHMP1A/CHMP2A/CHMP2B/CHMP3/CHMP5/DCTN1/DYNC1H1/FSD1/HNRNPU/NUMA1/PARP3/RAE1/TACC3/VPS4B",14
"GO:0042776","proton motive force-driven mitochondrial ATP synthesis","19/2317","67/18888",0.283582089552239,2.3117386739157,4.02192090398458,0.00031612836021971,0.0262119388255413,0.0244841297818794,"ATP5F1C/ATP5F1D/ATP5ME/ATP5MG/ATP5PO/ATPSCKMT/NDUFA11/NDUFA12/NDUFA13/NDUFA3/NDUFA8/NDUFA9/NDUFB10/NDUFB11/NDUFB4/NDUFB7/NDUFS7/SDHA/SDHD",19
"GO:1902850","microtubule cytoskeleton organization involved in mitosis","36/2317","164/18888",0.219512195121951,1.78944598250471,3.79677774415288,0.000337687716864875,0.0276106609608822,0.0257906525278086,"ARHGEF10/BCCIP/CDK1/CENPA/CEP192/CHMP1A/CHMP2A/CHMP2B/CHMP3/CHMP5/CLASP1/DCTN1/DYNC1H1/DYNLT1/FLNA/FSD1/HNRNPU/KIF2A/KIF3B/MAD2L1/MYBL2/NUMA1/PARP3/PLK3/RAE1/RAN/RCC1/RMDN1/SPAST/SPDL1/SPICE1/STAG1/TACC3/TUBG1/TUBG2/VPS4B",36
"GO:0008380","RNA splicing","85/2317","484/18888",0.175619834710744,1.43163894605806,3.5971399963514,0.000381608828195901,0.0307743996108119,0.0287458474188232,"AKAP17A/ARMC7/ATXN7L3/CDC5L/CELF4/CENATAC/CLASRP/CLK1/CRIPT/DAZAP1/DCPS/DDX42/DHX15/DHX8/EIF1/ESS2/FAM98A/FMR1/FUS/GEMIN2/HNRNPA1/HNRNPA3/HNRNPH2/HNRNPM/HNRNPR/HNRNPU/KHDRBS1/KHDRBS3/LSM2/LSM4/LSM7/LSM8/LUC7L/LUC7L2/MPHOSPH10/NOVA1/PAXBP1/PCBP4/PLRG1/PPP2CA/PPP4R2/PTBP2/PTBP3/QKI/RBM12B/RBM15B/RBM17/RBM19/RBM23/RBM42/RBMX2/RRP1B/RTCB/SAP18/SART1/SART3/SCAF1/SETX/SF3A2/SNRNP25/SNRNP70/SNRPN/SNW1/SRPK1/SRRM2/SRSF1/SRSF12/SRSF2/SRSF6/STRAP/SUGP2/SUPT3H/THOC6/TIA1/TRA2A/TSEN2/TSEN54/TSSC4/U2AF1L4/U2AF2/UBL5/UPF1/YJU2B/ZMAT5/ZNF638",85
"GO:0007007","inner mitochondrial membrane organization","14/2317","43/18888",0.325581395348837,2.65411367947727,4.06042654735377,0.000409754117453185,0.0323362080637819,0.030204706342288,"AFG3L2/COX18/IMMT/LETM1/MICOS13/NDUFA13/OMA1/OPA1/OXA1L/PINK1/ROMO1/TIMM13/TIMM29/TIMM8B",14
"GO:0120163","negative regulation of cold-induced thermogenesis","15/2317","48/18888",0.3125,2.54747518342685,4.01396897051145,0.000424705031407179,0.0323362080637819,0.030204706342288,"ACOT13/ACTN3/ADAMTS5/ARRDC3/DDIT3/IP6K1/NOTCH1/NOVA1/NR1D1/PGAM5/PLCL1/QKI/TFE3/WNT10B/ZNF423",15
"GO:0007129","homologous chromosome pairing at meiosis","16/2317","53/18888",0.30188679245283,2.46095715832933,3.98256388966245,0.000427512922035072,0.0323362080637819,0.030204706342288,"AGO4/ANKRD31/HORMAD1/MAJIN/MLH1/MLH3/MND1/MSH4/RNF212/SIRT7/SPATA22/SPO11/SUN1/SYCE2/TEX15/ZCWPW1",16
"GO:0033044","regulation of chromosome organization","49/2317","247/18888",0.198380566801619,1.61718262656409,3.65088130891001,0.000429062426843448,0.0323362080637819,0.030204706342288,"ACTR8/ANAPC2/ANAPC7/ATM/BCL7B/CDC6/CDK1/CENPF/DDX11/DKC1/DPF2/FBXO5/GEN1/HASPIN/HNRNPA1/HNRNPU/INO80E/KLHL22/MAD2L1/MAP2K7/MAPT/NABP2/NAT10/NCAPH/NSMCE2/NSMCE3/NSMCE4A/NUMA1/PARP1/PCID2/PKIB/PPHLN1/RAD21/RIOK2/SETMAR/SIRT6/SLX4/SMARCA4/SMARCA5/SMARCC1/SMC5/SMG6/SPC24/SPDL1/TACC3/TNKS2/UPF1/YLPM1/ZWINT",49
"GO:0046755","viral budding","10/2317","25/18888",0.4,3.26076823478636,4.22951736918491,0.000429859388663492,0.0323362080637819,0.030204706342288,"CHMP1A/CHMP2A/CHMP2B/CHMP3/CHMP5/MVB12B/PDCD6IP/VPS28/VPS37C/VPS4B",10
"GO:0070507","regulation of microtubule cytoskeleton organization","35/2317","160/18888",0.21875,1.78323262839879,3.72027642943926,0.00043393246764715,0.0323362080637819,0.030204706342288,"APC2/CAMSAP1/CAMSAP3/CDK2AP2/CDK5R1/CHMP1A/CHMP2A/CHMP2B/CHMP3/CHMP5/CLASP1/DCTN1/DYNC1H1/EFNA5/FKBP4/FSD1/GBA2/HNRNPU/MAPRE3/MAPT/NUMA1/PARP3/RAC1/RAE1/ROCK1/SKA1/SKA3/SPAST/STMN3/TACC3/TAOK1/TPPP/TRAF3IP1/TTBK2/VPS4B",35
"GO:0140013","meiotic nuclear division","41/2317","197/18888",0.208121827411168,1.69659260947006,3.67507202751728,0.000445621887269346,0.0324590770193976,0.0303194761605559,"AGO4/ANKRD31/ATM/CDC25B/CKS2/DMRT1/FBXO5/FIGNL1/FZR1/HORMAD1/HSF2BP/ING2/M1AP/MAJIN/MEI1/MEIOSIN/MLH1/MLH3/MND1/MOV10L1/MSH4/NCAPH/PSMA8/RAD21/RAD51AP1/RAD54B/RMI1/RNF212/RPL10L/SIRT7/SLC25A31/SLX4/SPATA22/SPO11/SUN1/SYCE2/TEX15/WASHC5/ZCWPW1/ZNF541/ZWINT",41
"GO:1904896","ESCRT complex disassembly","6/2317","10/18888",0.6,4.89115235217954,4.60225197535191,0.000457515031279058,0.0324590770193976,0.0303194761605559,"CHMP1A/CHMP2A/CHMP2B/CHMP5/VPS4B/VTA1",6
"GO:1904903","ESCRT III complex disassembly","6/2317","10/18888",0.6,4.89115235217954,4.60225197535191,0.000457515031279058,0.0324590770193976,0.0303194761605559,"CHMP1A/CHMP2A/CHMP2B/CHMP5/VPS4B/VTA1",6
"GO:0019068","virion assembly","12/2317","34/18888",0.352941176470588,2.87714844245855,4.09643881886389,0.000457636044268728,0.0324590770193976,0.0303194761605559,"CHMP1A/CHMP2A/CHMP2B/CHMP3/CHMP5/MVB12B/PDCD6IP/RAB1B/TBC1D20/VPS28/VPS37C/VPS4B",12
"GO:0051983","regulation of chromosome segregation","30/2317","131/18888",0.229007633587786,1.86685204281662,3.72279467466786,0.000483480815801134,0.0338839471740628,0.0316504233301394,"ANAPC2/ANAPC7/ATM/BCL7B/CDC6/CDK1/CENPF/CSNK2A2/DPF2/FBXO5/GEN1/HASPIN/HNRNPU/HORMAD1/KLHL22/MAD2L1/NCAPH/NSMCE2/NUMA1/PCID2/RAD21/RCC2/RIOK2/SMARCA4/SMARCC1/SMC5/SPC24/SPDL1/TACC3/ZWINT",30
"GO:0030490","maturation of SSU-rRNA","16/2317","54/18888",0.296296296296296,2.41538387761953,3.89466394057682,0.000539169046411234,0.0373207683800155,0.0348607000290025,"BYSL/DDX52/DHX37/GTF2H5/HEATR1/KRI1/MPHOSPH10/NAT10/NOB1/NOL7/RIOK2/RPP40/RPS16/TSR3/UTP20/WDR43",16
"GO:0034243","regulation of transcription elongation by RNA polymerase II","22/2317","86/18888",0.255813953488372,2.085375033875,3.77222142533024,0.000545198926563841,0.0373207683800155,0.0348607000290025,"CCNK/CDC73/EAPP/EZH2/HNRNPU/INTS11/INTS2/INTS3/INTS5/INTS7/LDB1/MED15/MED20/MED25/MED4/NELFA/NELFCD/PARP1/SIRT6/SUPT5H/VHL/WDR43",22
"GO:0042176","regulation of protein catabolic process","66/2317","362/18888",0.18232044198895,1.48626176447445,3.4930413394811,0.000597020318569368,0.0403983748898606,0.037735440341275,"ADRA2A/AMER1/APC2/ATG7/ATP13A2/CEBPA/CENATAC/COP1/DCAF1/DTL/EEF1A2/EGLN2/ELOB/FLNA/FMR1/FOXO1/FZR1/GLMN/HSP90AA1/ITCH/LPCAT1/LRP1/MAD2L1/MFSD8/NDUFA13/NFE2L2/NKD2/NSF/ODC1/PABIR1/PIAS1/PINK1/PITHD1/PLK3/PRKN/RAD23B/RBX1/RELA/RGP1/RHBDD3/RHBDF1/RIC1/RNF41/RNFT1/ROCK1/SGTA/SIRT6/SMAD7/SMARCC1/SNRNP70/SOCS4/STUB1/TIMP3/TMF1/TMX1/TRIB1/TRIB2/TRIM32/TRIM39/TSPAN5/UBE2K/UBQLN1/USP14/USP38/VPS28/WNT10B",66
"GO:0043161","proteasome-mediated ubiquitin-dependent protein catabolic process","70/2317","389/18888",0.179948586118252,1.46692658377278,3.47952069130114,0.000605907002557162,0.0405338014097047,0.0378619399684045,"AKIRIN2/ANAPC2/ANAPC7/APC2/ARRB2/CCNF/CDC34/CEBPA/CLOCK/COP1/DDIT3/DTL/ELOB/FBXL12/FBXL13/FBXL14/FBXO31/FBXO45/FBXO48/FBXO7/FBXW5/FZR1/GLMN/ITCH/KCTD13/KLHL22/MAEA/NEMF/NFE2L2/NHLRC1/NKD2/PABIR1/PIAS1/PLK3/PRKN/PSMA4/PSMA8/PSMB4/RAD23B/RBX1/RNF126/RNF139/RNF216/SHARPIN/SIAH2/SIRT6/SKP1/SMAD7/SMARCC1/SMURF1/SOCS4/SPOPL/SPSB1/SPSB4/STUB1/TRIB1/TRIB2/TRIM39/TRIM71/UBE2D3/UBE2G1/UBE2K/UBE2S/UBE3D/UBXN7/USP14/USP38/VHL/WNT10B/WWP2",70
"GO:0070192","chromosome organization involved in meiotic cell cycle","18/2317","65/18888",0.276923076923077,2.25745493177517,3.79729934294849,0.000616487278166343,0.040778209062531,0.0380902370330098,"AGO4/ANKRD31/ATM/HORMAD1/MAJIN/MLH1/MLH3/MND1/MSH4/NCAPH/RNF212/SIRT7/SPATA22/SPO11/SUN1/SYCE2/TEX15/ZCWPW1",18
"GO:1901990","regulation of mitotic cell cycle phase transition","65/2317","356/18888",0.182584269662921,1.4884124667213,3.47873015940611,0.000628569590076316,0.0411154352975475,0.0384052343691073,"ANAPC7/ATM/BCL7B/CACNB4/CASP2/CCND3/CCNH/CDC25B/CDC25C/CDC6/CDC7/CDC73/CDK1/CDK2AP2/CDKN2A/CENPF/CPSF3/CTDSPL/DDX3X/DPF2/DTL/EZH2/FBXO31/FBXO5/FBXO7/FOXO4/FZR1/GEN1/GTSE1/HASPIN/ID2/INTS3/KANK2/KLHL22/MAD2L1/MEPCE/MTA3/NABP2/NSMCE2/PABIR1/PCID2/PKMYT1/PLK3/PLRG1/PPP2CA/PRKDC/PRMT2/RAD21/RCC2/RIOK2/SMARCA4/SMARCC1/SPC24/SPDL1/TAOK1/TAOK2/TFDP1/TMOD3/TPRA1/TRIAP1/TRIM39/VPS4B/WNT10B/ZFYVE19/ZWINT",65
"GO:0015986","proton motive force-driven ATP synthesis","20/2317","76/18888",0.263157894736842,2.14524225972787,3.74073398009688,0.000648495192197977,0.0416330405168663,0.0388887206709001,"ATP5F1C/ATP5F1D/ATP5MC3/ATP5ME/ATP5MG/ATP5PO/ATPSCKMT/NDUFA11/NDUFA12/NDUFA13/NDUFA3/NDUFA8/NDUFA9/NDUFB10/NDUFB11/NDUFB4/NDUFB7/NDUFS7/SDHA/SDHD",20
"GO:0033045","regulation of sister chromatid segregation","25/2317","104/18888",0.240384615384615,1.95959629494373,3.66928411475502,0.000650626758544539,0.0416330405168663,0.0388887206709001,"ANAPC2/ANAPC7/ATM/BCL7B/CDC6/CDK1/CENPF/DPF2/FBXO5/GEN1/HASPIN/HNRNPU/KLHL22/MAD2L1/NSMCE2/NUMA1/PCID2/RAD21/RIOK2/SMARCA4/SMARCC1/SPC24/SPDL1/TACC3/ZWINT",25
"GO:0039702","viral budding via host ESCRT complex","9/2317","22/18888",0.409090909090909,3.33487660375878,4.09737305550003,0.000686674397776858,0.0434672277388426,0.0406020040066362,"CHMP1A/CHMP2A/CHMP2B/CHMP3/CHMP5/PDCD6IP/VPS28/VPS37C/VPS4B",9
"GO:1901991","negative regulation of mitotic cell cycle phase transition","40/2317","195/18888",0.205128205128205,1.67218883835198,3.52808669036834,0.000701830439214764,0.0439539978261416,0.0410566877318917,"ATM/CACNB4/CASP2/CDC6/CDC73/CDK1/CDK2AP2/CENPF/CTDSPL/DTL/EZH2/FBXO31/FBXO5/FBXO7/FOXO4/FZR1/GEN1/GTSE1/HASPIN/INTS3/KANK2/KLHL22/MAD2L1/NABP2/PABIR1/PCID2/PKMYT1/PLK3/PRKDC/PRMT2/RAD21/SPC24/SPDL1/TAOK1/TAOK2/TPRA1/TRIAP1/TRIM39/ZFYVE19/ZWINT",40
"GO:0065004","protein-DNA complex assembly","47/2317","240/18888",0.195833333333333,1.59641778161416,3.47704428479263,0.000744275935789941,0.0457674966767806,0.0427506464090372,"BRD2/CABIN1/CDT1/CENPA/CENPF/CENPO/CHRAC1/GMNN/GTF2H5/H1-2/H1-5/H2AX/H2BC10/H2BC11/H2BC13/H2BC17/H2BC21/H2BC4/H2BC8/H3C12/H3C14/H3C15/H3C8/H4C14/H4C15/MCM2/MED15/MED20/MED25/MED4/MIS18A/PIAS1/SART3/SMARCA4/SMARCA5/SMYD3/SPTY2D1/TAF4/TAF8/TSPY1/TSPY10/TSPY2/TSPY3/TSPY4/TSPY8/TSPY9/WNT10B",47
"GO:0000002","mitochondrial genome maintenance","11/2317","31/18888",0.354838709677419,2.89261698247177,3.9434598865869,0.000746335940372166,0.0457674966767806,0.0427506464090372,"CHCHD4/DNA2/DNAJA3/ENDOG/LIG3/LONP1/OPA1/PARP1/POLG2/SLC25A4/TWNK",11
"GO:0140694","non-membrane-bounded organelle assembly","73/2317","413/18888",0.176755447941889,1.44089637493586,3.38757936497069,0.000790450133800654,0.0477677880655684,0.0446190848443098,"AKAP13/ARHGEF10/ARHGEF5/ATXN2L/BCCIP/BOP1/C2CD3/CDS2/CENPA/CENPF/CEP120/CEP192/CEP295/CEP72/CHMP1A/CHMP2A/CHMP2B/CHMP3/CHMP5/CLASP1/CNOT1/CNTROB/DDX3X/DHX37/DYNC1H1/EIF2A/EIF5B/FASTKD2/FBXO5/FITM2/FLNA/FMR1/G3BP2/HNRNPU/KIF2A/KIF3B/LCP1/LIAT1/LSM4/MAPRE3/MAPT/MDM1/MLH1/MTERF4/MYBL2/NOA1/NOP2/NUMA1/PAN2/PAN3/PATL1/PLK4/PLS1/PRKDC/PSPC1/RCC1/RPL10L/RPL5/RPLP0/RPS15/RPS23/RPSA2/RRP7A/SPICE1/STAG1/TIA1/TMOD3/TRIM37/TUBGCP3/USP10/VPS4B/WASHC5/YTHDF1",73
"GO:0072594","establishment of protein localization to organelle","79/2317","454/18888",0.174008810572687,1.41850600522094,3.37512589796824,0.00079518315448033,0.0477677880655684,0.0446190848443098,"AKIRIN2/AP3B1/BAG3/BAP1/CACNG4/CDK1/CHCHD4/COX18/CSNK2A2/DDIT3/DKC1/EDEM1/FAM53B/FAM53C/FBXO7/FERMT1/FLNA/GDAP1/GNPTG/GRPEL1/GRPEL2/H1-5/HACL1/HEATR3/HSP90AA1/IL10RA/ING1/IPO9/LAMP1/LRWD1/MAPT/MOAP1/MTCH2/MTERF4/NABP2/NCOA4/NDUFA13/NF1/NOTCH1/NUP107/NUP155/NUP214/NUP50/OXA1L/PDCD5/PEX5L/PINK1/POLA2/PRKN/PTPN23/PTTG1IP/RAB10/RAB3GAP2/RAN/ROMO1/SEC61B/SGTA/SIRT6/SMURF1/SPCS3/SRP14/SRP68/SUFU/TIMM13/TIMM21/TIMM29/TIMM8B/TOMM20/TOMM34/TOMM7/TRAM2/TRIM37/UBE2D3/UBL5/USP36/VPS13C/VPS28/VPS37C/ZFYVE16",79
"GO:1903320","regulation of protein modification by small protein conjugation or removal","47/2317","241/18888",0.195020746887967,1.58979364144148,3.44567467072816,0.000816856402579089,0.0485740771917485,0.045372225912527,"AMER1/ARRB2/ARRDC3/BIRC3/CRY1/DDX3X/EGR1/FBXO5/FZR1/HDAC4/HSP90AA1/ITCH/MAD2L1/NHLRC1/NOD2/NSMCE3/OTUD4/PAXIP1/PHF23/PIAS1/PIAS4/PINK1/PPIA/PRKCE/PRKN/PRMT3/PTTG1IP/RBX1/RELA/RIPK2/RPL5/SIAH2/SIRT7/SKP1/SMAD7/SPOPL/SPSB4/STUB1/SVBP/TBC1D7/TCF25/TOLLIP/U2AF2/UBE2S/UBE2V1/UBQLN1/VPS28",47
"GO:0006304","DNA modification","24/2317","100/18888",0.24,1.95646094087182,3.5858912295918,0.000846420162789819,0.0498287549834366,0.0465441992675159,"ALKBH4/ARID4A/BEND3/DNMT1/EHMT1/EOMES/EXOSC5/EZH2/GATAD2A/HNRNPAB/MBD1/MBD3/MBD4/MIS18A/NEIL2/NEIL3/OGG1/OTUD4/PARP1/PARP2/PARP3/PPM1D/SMARCA5/SMCHD1",24
